<?xml version="1.0" encoding="UTF-8" ?>
<module>
    <name>gradi</name>
    <displayName><![CDATA[Gradi]]></displayName>
    <version><![CDATA[1.7.0]]></version>
    <description><![CDATA[Modulo para la creaci&oacute;n de banners]]></description>
    <author><![CDATA[Cristian Guzm&aacute;n]]></author>
    <tab><![CDATA[front_office_features]]></tab>
	<confirmUninstall><![CDATA[¿Realmente quiere desinstalar el modulo?]]></confirmUninstall>
    <is_configurable>1</is_configurable>
    <need_instance>0</need_instance>
	<limited_countries></limited_countries>
</module>